{
    "price_history": {
        "2024": {
            "4": 866.1374576271187
        },
        "2025": {
            "1": 784.5873076923077,
            "2": 761.0053846153846
        }
    },
    "asin": "B0DHJ2KF9X"
}