{
    "price_history": {
        "2024": {
            "2": 187.225,
            "3": 238.55285714285716,
            "4": 299.1175
        },
        "2025": {
            "1": 234.44909090909093,
            "2": 249.495
        }
    },
    "asin": "B0D3F7T32Z"
}