{
    "price_history": {
        "2024": {
            "4": 871.51625
        },
        "2025": {
            "1": 765.9329834254144,
            "2": 724.9088235294118
        }
    },
    "asin": "B0DHJCTZ4D"
}