{
    "price_history": {
        "2024": {
            "4": 1002.3097183098592
        },
        "2025": {
            "1": 850.3490625000001,
            "2": 814.345
        }
    },
    "asin": "B0DHJG6JPH"
}