{
    "price_history": {
        "2024": {
            "4": 1149.9450000000002
        },
        "2025": {
            "1": 998.4778512396695,
            "2": 933.9566666666666
        }
    },
    "asin": "B0DHJ2PVBJ"
}