{
    "price_history": {
        "2024": {
            "4": 1262.1649606299213
        },
        "2025": {
            "1": 1203.0253284671533,
            "2": 1112.398
        }
    },
    "asin": "B0DHJ2MKQM"
}