{
    "price_history": {
        "2024": {
            "1": 1037.2433333333333,
            "2": 984.6657142857142,
            "3": 852.9526470588235,
            "4": 826.85
        },
        "2025": {
            "1": 757.8446153846154,
            "2": 798.2433333333333
        }
    },
    "asin": "B0CMSN4YJD"
}