{
    "price_history": {
        "2024": {
            "4": 755.4975000000001
        },
        "2025": {
            "1": 689.7927725856698,
            "2": 674.4920512820512
        }
    },
    "asin": "B0DHJGKNT1"
}