{
    "price_history": {
        "2024": {
            "4": 829.6666666666666
        },
        "2025": {
            "1": 701.8100000000001,
            "2": 803.2766666666666
        }
    },
    "asin": "B0DFRV7D6Y"
}