{
    "price_history": {
        "2023": {
            "2": 211.28991666666667,
            "3": 181.6068,
            "4": 173.38392857142858
        },
        "2024": {
            "1": 180.85479999999998,
            "2": 190.54923076923075
        }
    },
    "asin": "B0C3RYM3GG"
}