{
    "price_history": {
        "2024": {
            "1": 795.8184662576688,
            "2": 784.5455516014234,
            "3": 757.4623076923077,
            "4": 785.4278092399404
        },
        "2025": {
            "1": 755.3678991596638
        }
    },
    "asin": "B0CMDTFNGM"
}