{
    "price_history": {
        "2023": {
            "1": 144.1275,
            "2": 115.364,
            "3": 109.32792452830189,
            "4": 107.28933333333333
        },
        "2024": {
            "1": 111.81727272727272,
            "2": 108.15384615384616,
            "3": 95.25,
            "4": 101.49
        }
    },
    "asin": "B0BV4N3VJZ"
}