{
    "price_history": {
        "2024": {
            "4": 950.7641176470588
        },
        "2025": {
            "1": 844.2342194092828,
            "2": 784.7650000000001
        }
    },
    "asin": "B0DHJ2VZTJ"
}