{
    "price_history": {
        "2024": {
            "4": 1058.078888888889
        },
        "2025": {
            "1": 931.898536585366,
            "2": 890.8385714285714
        }
    },
    "asin": "B0DHJGLSFT"
}