{
    "price_history": {
        "2024": {
            "4": 755.4975000000001
        },
        "2025": {
            "1": 689.7927725856698,
            "2": 673.6322535211267
        }
    },
    "asin": "B0DHJGKNT1"
}