{
    "price_history": {
        "2024": {
            "4": 1177.649254385965
        },
        "2025": {
            "1": 975.7601612903226,
            "2": 906.715
        }
    },
    "asin": "B0DHJDPYYR"
}