{
    "price_history": {
        "2024": {
            "4": 1246.0257291666667
        },
        "2025": {
            "1": 1091.7852329749105,
            "2": 1027.6030555555556
        }
    },
    "asin": "B0DHJ896RY"
}