{
    "price_history": {
        "2024": {
            "1": 741.66,
            "2": 663.9915,
            "3": 617.8471428571429,
            "4": 525.99
        },
        "2025": {
            "1": 576.1804761904763
        }
    },
    "asin": "B0CQ9SZJN6"
}