{
    "price_history": {
        "2024": {
            "2": 825.0,
            "3": 803.8571428571429,
            "4": 754.6507936507937
        },
        "2025": {
            "1": 705.4444444444445,
            "2": 728.6
        }
    },
    "asin": "B0CRHQ1KQT"
}