{
    "price_history": {
        "2024": {
            "1": 687.6275,
            "2": 729.9057142857143,
            "3": 503.74285714285713,
            "4": 454.2
        },
        "2025": {
            "1": 573.0,
            "2": 660.0
        }
    },
    "asin": "B0CDMXJ7N6"
}