{
    "price_history": {
        "2024": {
            "2": 441.9756097560976,
            "3": 374.8131818181818,
            "4": 342.12826923076926
        },
        "2025": {
            "1": 366.0376923076923
        }
    },
    "asin": "B0CXPY8MGJ"
}