{
    "price_history": {
        "2024": {
            "1": 741.1310843373494,
            "2": 725.2751207729469,
            "3": 722.2545867768596,
            "4": 719.9491951710262
        },
        "2025": {
            "1": 720.9076404494382,
            "2": 788.355
        }
    },
    "asin": "B0CMDRCZBJ"
}