{
    "price_history": {
        "2024": {
            "2": 977.7244117647058,
            "3": 895.7823611111112,
            "4": 827.4726050420169
        },
        "2025": {
            "1": 794.8046391752578,
            "2": 771.4446666666666
        }
    },
    "asin": "B0D362HGNP"
}