{
    "price_history": {
        "2024": {
            "2": 609.99,
            "3": 646.99,
            "4": 632.74625
        },
        "2025": {
            "1": 612.4360082304527,
            "2": 550.4040909090909
        }
    },
    "asin": "B0D54S3L3M"
}