{
    "2024": {
        "2": 136.07500000000002,
        "3": 113.24860465116278
    }
}