{
    "2023": {
        "4": 158.609375
    },
    "2024": {
        "1": 149.16253623188405,
        "2": 134.35583333333332,
        "3": 123.2304
    }
}