{
    "2024": {
        "2": 499.0,
        "3": 455.111875,
        "4": 466.1694736842105
    },
    "2025": {
        "1": 413.2857142857143
    }
}