{
    "2023": {
        "2": 477.2626086956522,
        "3": 478.4301351351352,
        "4": 452.157
    },
    "2024": {
        "1": 427.125,
        "2": 449.0,
        "3": 334.03000000000003,
        "4": 474.94453400503784
    }
}