{
    "2024": {
        "3": 229.0,
        "4": 204.46076923076922
    },
    "2025": {
        "1": 216.14285714285714
    }
}