{
    "2024": {
        "3": 399.99,
        "4": 365.70428571428573
    },
    "2025": {
        "1": 383.3233333333333
    }
}