{
    "2024": {
        "3": 133.24666666666667,
        "4": 118.32333333333332
    },
    "2025": {
        "1": 100.38842105263157
    }
}