{
    "2024": {
        "4": 110.90416666666668
    },
    "2025": {
        "1": 97.73285714285714
    }
}