{
    "2018": {
        "1": 1215.6444444444444,
        "2": 1225.0,
        "3": 1138.5939285714287,
        "4": 1147.390357142857
    },
    "2019": {
        "1": 1161.71,
        "2": 1055.699411764706,
        "4": 756.3961538461538,
        "3": 906.0477828054298
    }
}