{
    "2024": {
        "1": 197.09,
        "2": 191.38176470588238,
        "3": 183.13089285714287,
        "4": 184.9946
    },
    "2025": {
        "1": 180.73596153846154
    }
}