{
    "2024": {
        "2": 549.99,
        "3": 474.99,
        "4": 475.3729411764706
    },
    "2025": {
        "1": 416.65666666666664
    }
}