{
    "2024": {
        "4": 253.81222222222223
    },
    "2025": {
        "1": 130.2092537313433
    }
}