{
    "2024": {
        "1": 299.99,
        "2": 288.31656250000003,
        "3": 276.87888888888887,
        "4": 273.46875
    },
    "2025": {
        "1": 190.71
    }
}