{
    "2024": {
        "2": 399.99,
        "3": 343.1914925373135,
        "4": 338.6074074074074
    },
    "2025": {
        "1": 325.48555555555555
    }
}