{
    "2024": {
        "2": 399.99,
        "3": 346.8296296296296,
        "4": 355.6978260869565
    },
    "2025": {
        "1": 344.4046875
    }
}