{
    "2024": {
        "3": 293.1068181818182,
        "4": 259.3952941176471
    },
    "2025": {
        "1": 272.8377142857143
    }
}