{
    "2024": {
        "2": 34.99,
        "3": 34.74103448275862,
        "4": 34.650909090909096
    },
    "2025": {
        "1": 32.343636363636364
    }
}