{
    "2024": {
        "3": 79.99,
        "4": 78.11666666666666
    },
    "2025": {
        "1": 73.10530303030303
    }
}