{
    "2024": {
        "3": 121.23266666666667,
        "4": 127.026
    },
    "2025": {
        "1": 128.95666666666668
    }
}