{
    "2024": {
        "2": 129.0,
        "3": 119.16375,
        "4": 124.054375
    },
    "2025": {
        "1": 128.945
    }
}