{
    "2023": {
        "2": 109.99,
        "3": 104.09666666666665
    },
    "2024": {
        "3": 95.25666666666666
    }
}