{
    "2024": {
        "2": 84.77799999999999,
        "3": 83.15684210526315,
        "4": 87.44866666666667
    },
    "2025": {
        "1": 86.27454545454545
    }
}