{
    "2024": {
        "1": 279.0,
        "3": 266.2392307692308,
        "4": 274.4313333333333,
        "2": 272.6196153846154
    },
    "2025": {
        "1": 279.0
    }
}