{
    "2011": {
        "3": 291.17,
        "4": 244.28722222222223
    },
    "2016": {
        "1": 197.40444444444444,
        "2": 209.4542857142857,
        "3": 186.46666666666667,
        "4": 86.9825
    }
}