{
    "2024": {
        "1": 833.3233333333334,
        "2": 849.99,
        "3": 855.5455555555556,
        "4": 784.8222580645162
    },
    "2025": {
        "1": 833.3233333333334
    }
}