{
    "2024": {
        "3": 323.3233333333333,
        "4": 284.5733333333333
    },
    "2025": {
        "1": 296.99
    }
}