{
    "2024": {
        "1": 851.8767924528302,
        "2": 837.3023123123122,
        "3": 841.7212587412588,
        "4": 817.6194773519164
    },
    "2025": {
        "1": 809.8514285714285
    }
}