{
    "2024": {
        "2": 379.99,
        "3": 359.58090909090913,
        "4": 315.8497058823529
    },
    "2025": {
        "1": 343.9433333333333
    }
}