{
    "2024": {
        "3": 1819.1076470588237,
        "4": 1641.2901781737194
    },
    "2025": {
        "1": 1620.8834821428572
    }
}