{
    "2024": {
        "3": 234.725,
        "4": 223.62958333333333
    },
    "2025": {
        "1": 224.2757142857143
    }
}