{
    "2024": {
        "4": 583.0224096385542
    },
    "2025": {
        "1": 577.153125
    }
}