{
    "2024": {
        "1": 1283.4987719298247,
        "2": 1205.0727190332327,
        "3": 1204.381052631579,
        "4": 1109.1482921348315
    },
    "2025": {
        "1": 1268.2042857142858
    }
}