{
    "2024": {
        "1": 1749.99,
        "2": 1653.6875,
        "3": 1646.4552777777778,
        "4": 1530.8735000000001
    },
    "2025": {
        "1": 1438.3637500000002
    }
}