{
    "2024": {
        "2": 199.99,
        "3": 188.32333333333335,
        "4": 157.84244897959184
    },
    "2025": {
        "1": 179.99
    }
}