{
    "2023": {
        "3": 119.0,
        "4": 119.0
    },
    "2024": {
        "1": 119.0,
        "2": 116.60260869565218,
        "3": 112.63911917098444,
        "4": 100.28666666666668
    }
}