{
    "2023": {
        "4": 162.833
    },
    "2024": {
        "1": 159.49769230769232,
        "2": 150.55,
        "3": 149.57783783783782,
        "4": 147.1687591240876
    }
}