{
    "2022": {
        "1": 25.640810810810812,
        "2": 25.406666666666666,
        "3": 25.50333333333333
    }
}