{
    "2024": {
        "3": 799.0,
        "4": 739.832582781457
    },
    "2025": {
        "1": 690.6666666666666
    }
}