{
    "2024": {
        "3": 1099.0,
        "4": 1031.1939130434782
    },
    "2025": {
        "1": 918.2307692307693
    }
}