{
    "2024": {
        "1": 149.99,
        "2": 137.99,
        "3": 134.70395833333333,
        "4": 120.84403846153847
    },
    "2025": {
        "1": 113.41388888888889
    }
}