{
    "2024": {
        "2": 189.99,
        "3": 179.54401869158878,
        "4": 176.75803571428574
    },
    "2025": {
        "1": 151.3256880733945
    }
}