{
    "2024": {
        "2": 39.99,
        "3": 39.80222222222223,
        "4": 39.746249999999996
    },
    "2025": {
        "1": 41.53727272727272
    }
}