{
    "2024": {
        "3": 69.99,
        "4": 69.52666666666666
    },
    "2025": {
        "1": 68.48904761904762
    }
}