{
    "2024": {
        "1": 833.3233333333334,
        "2": 849.99,
        "3": 830.4305882352941,
        "4": 786.6867857142857
    },
    "2025": {
        "1": 899.99
    }
}