{
    "2024": {
        "2": 298.3515094339623,
        "3": 298.0890476190476,
        "4": 291.15479166666665
    },
    "2025": {
        "1": 299.3116425120773
    }
}