{
    "2024": {
        "1": 49.99,
        "2": 49.99,
        "3": 49.86166666666667,
        "4": 49.88
    },
    "2025": {
        "1": 41.879444444444445
    }
}