{
    "price_history": {
        "2024": {
            "3": 770.4711111111111,
            "4": 650.8445173745174
        },
        "2025": {
            "1": 650.5649238578679,
            "2": 637.219696969697
        }
    },
    "asin": "B0D7HWJDQM"
}