{
    "price_history": {
        "2024": {
            "4": 911.3850000000001
        },
        "2025": {
            "1": 845.2434146341465,
            "2": 828.4975000000001
        }
    },
    "asin": "B0DNG111BT"
}