{
    "price_history": {
        "2024": {
            "1": 719.543043478261,
            "2": 724.3971764705883,
            "3": 666.4250000000001,
            "4": 438.84464285714284
        },
        "2025": {
            "1": 441.01785714285717,
            "2": 479.4263636363637
        }
    },
    "asin": "B0CVYHN9XC"
}