{
    "price_history": {
        "2024": {
            "1": 497.6413888888889,
            "2": 442.3968461538461,
            "3": 416.204765625,
            "4": 343.2497435897436
        },
        "2025": {
            "1": 303.9756428571429,
            "2": 293.19666666666666
        }
    },
    "asin": "B0CVYKL34H"
}