{
    "price_history": {
        "2024": {
            "3": 398.5908695652174,
            "4": 349.89409395973155
        },
        "2025": {
            "1": 312.10314516129034,
            "2": 306.70260869565215
        }
    },
    "asin": "B0DCGQQ4Z7"
}