{
    "price_history": {
        "2024": {
            "3": 1359.1733333333332,
            "4": 1022.173448275862
        },
        "2025": {
            "1": 999.4976190476191,
            "2": 849.0
        }
    },
    "asin": "B0D7HXM4HW"
}