{
    "price_history": {
        "2024": {
            "1": 1481.0,
            "2": 1581.9166666666667,
            "3": 1263.3214285714287,
            "4": 1009.6666666666666
        },
        "2025": {
            "1": 858.2295833333333,
            "2": 1004.75
        }
    },
    "asin": "B0CQRSCXC6"
}