{
    "price_history": {
        "2024": {
            "3": 2370.0,
            "4": 2043.9444444444443
        },
        "2025": {
            "1": 1656.8333333333333,
            "2": 1594.5
        }
    },
    "asin": "B0DBLPPTNX"
}