{
    "price_history": {
        "2024": {
            "1": 1188.3,
            "2": 1080.2,
            "3": 920.1055555555556,
            "4": 843.8
        },
        "2025": {
            "1": 837.4817857142858,
            "2": 888.5
        }
    },
    "asin": "B0CST9M7RQ"
}