{
    "price_history": {
        "2024": {
            "4": 161.65666666666667
        },
        "2025": {
            "1": 124.99000000000001
        }
    },
    "asin": "B0DJRC82TP"
}