{
    "price_history": {
        "2024": {
            "2": 399.99,
            "3": 346.8296296296296,
            "4": 310.64
        },
        "2025": {
            "1": 322.85297297297296,
            "2": 325.21799999999996
        }
    },
    "asin": "B0D5PFR7DK"
}