{
    "price_history": {
        "2024": {
            "3": 294.99,
            "4": 246.66731707317075
        },
        "2025": {
            "1": 230.51338235294116,
            "2": 220.46166666666667
        }
    },
    "asin": "B0DFKVBS5F"
}