{
    "price_history": {
        "2024": {
            "2": 1105.142857142857,
            "3": 980.5237500000001,
            "4": 927.2762352941176
        },
        "2025": {
            "1": 907.307108433735,
            "2": 920.1220512820513
        }
    },
    "asin": "B0CZB7BVSL"
}