{
    "price_history": {
        "2024": {
            "2": 549.99,
            "3": 474.99,
            "4": 460.3546666666667
        },
        "2025": {
            "1": 388.82709677419354,
            "2": 350.3442857142857
        }
    },
    "asin": "B0D2JB6HP5"
}