{
    "price_history": {
        "2024": {
            "3": 98.64399999999999,
            "4": 81.36894736842105
        },
        "2025": {
            "1": 86.44785714285715,
            "2": 101.52555555555556
        }
    },
    "asin": "B0D9PCFZXK"
}