{
    "price_history": {
        "2024": {
            "4": 364.5276344086021
        },
        "2025": {
            "1": 314.3864406779661,
            "2": 280.3976842105263
        }
    },
    "asin": "B0DK4D3252"
}