{
    "price_history": {
        "2023": {
            "4": 119.99
        },
        "2024": {
            "1": 100.91153846153846,
            "2": 106.36833333333334,
            "3": 91.13428571428571,
            "4": 114.99
        }
    },
    "asin": "B0CLVNY5BN"
}