{
    "price_history": {
        "2024": {
            "3": 594.99,
            "4": 569.3414285714285
        },
        "2025": {
            "1": 541.0883333333334,
            "2": 599.2333333333333
        }
    },
    "asin": "B0D3J9NQHL"
}