{
    "price_history": {
        "2024": {
            "1": 149.99,
            "2": 134.43111111111114,
            "3": 130.94923076923075,
            "4": 115.2837037037037
        },
        "2025": {
            "1": 108.2176923076923,
            "2": 115.31
        }
    },
    "asin": "B0CP6DDN1H"
}