{
    "price_history": {
        "2019": {
            "3": 344.6566666666667,
            "4": 311.47
        },
        "2020": {
            "1": 287.8947619047619,
            "2": 298.182,
            "3": 283.60818181818183
        }
    },
    "asin": "B07XDC4HRD"
}