{
    "price_history": {
        "2025": {
            "1": 799.5714285714286,
            "2": 817.3333333333334
        }
    },
    "asin": "B0D2L1NNLR"
}