{
    "price_history": {
        "2024": {
            "2": 311.8955555555556,
            "3": 283.4725925925926,
            "4": 224.74560000000002
        },
        "2025": {
            "1": 267.72727272727275,
            "2": 354.5
        }
    },
    "asin": "B0D1GKRX6Y"
}