{
    "price_history": {
        "2024": {
            "2": 159.99,
            "3": 164.99,
            "4": 173.32333333333335
        },
        "2025": {
            "1": 156.65666666666667
        }
    },
    "asin": "B0CSF1LXD8"
}