{
    "price_history": {
        "2025": {
            "1": 889.5714285714286,
            "2": 858.1428571428571
        }
    },
    "asin": "B0D2L6KSCM"
}