{
    "price_history": {
        "2024": {
            "4": 1189.9085714285716
        },
        "2025": {
            "1": 1113.2936904761905,
            "2": 1069.44
        }
    },
    "asin": "B0DK2GRSVF"
}