{
    "price_history": {
        "2024": {
            "4": 1346.7792000000002
        },
        "2025": {
            "1": 1336.4603703703704,
            "2": 1394.99
        }
    },
    "asin": "B0DK2J6WMX"
}