{
    "price_history": {
        "2024": {
            "2": 444.686875,
            "3": 381.2911764705882,
            "4": 360.7
        },
        "2025": {
            "1": 365.3528571428572
        }
    },
    "asin": "B0D5ZNWCPP"
}