{
    "price_history": {
        "2024": {
            "2": 1173.8636363636363,
            "3": 1032.914,
            "4": 973.1884615384616
        },
        "2025": {
            "1": 981.35625,
            "2": 1017.49
        }
    },
    "asin": "B0D54XCKK4"
}