{
    "price_history": {
        "2024": {
            "1": 354.6658333333333,
            "2": 313.576862745098,
            "3": 290.797,
            "4": 282.9840366972477
        },
        "2025": {
            "1": 290.524,
            "2": 298.99666666666667
        }
    },
    "asin": "B0CRNSY2T5"
}