{
    "price_history": {
        "2025": {
            "1": 318.10812500000003,
            "2": 350.8766666666667
        }
    },
    "asin": "B0DSRC2SQD"
}