{
    "price_history": {
        "2024": {
            "3": 769.665,
            "4": 782.18125
        },
        "2025": {
            "1": 768.4990909090909,
            "2": 814.0282352941176
        }
    },
    "asin": "B0CY2GYZRR"
}