{
    "price_history": {
        "2024": {
            "2": 508.65384615384613,
            "3": 488.2721276595745,
            "4": 465.7011538461539
        },
        "2025": {
            "1": 452.28190476190474,
            "2": 421.9466666666667
        }
    },
    "asin": "B0CTHYTJGP"
}