{
    "price_history": {
        "2024": {
            "4": 744.7503921568626
        },
        "2025": {
            "1": 643.8262962962964,
            "2": 641.0
        }
    },
    "asin": "B0DJFYK3W1"
}