{
    "price_history": {
        "2023": {
            "1": 286.0377777777778,
            "2": 233.47595238095238,
            "3": 226.8891304347826,
            "4": 232.74666666666667
        },
        "2024": {
            "1": 264.74,
            "2": 221.65666666666667,
            "4": 214.856,
            "3": 218.25633333333332
        }
    },
    "asin": "B0BRQLTNWB"
}