{
    "price_history": {
        "2024": {
            "1": 157.71266666666668,
            "2": 139.97,
            "3": 136.12333333333333,
            "4": 135.0977777777778
        },
        "2025": {
            "1": 139.11257142857144
        }
    },
    "asin": "B0CQMX2D6P"
}